regime,target_ai,true_ai,golden_cap_w,golden_runtime_s,golden_power_w,golden_energy_j,golden_deg_pct,golden_energy_saved_pct,achieved_bw_gbs,baseline_cap_w,baseline_runtime_s,baseline_power_w,baseline_energy_j,is_saturated
DRAM,0.0,0.0,100,9.7978798828125,138.91689979338844,1361.0910978683205,-0.1523038697065493,24.015176333776424,476.71302264008204,250,9.8128251953125,182.5434570837642,1791.2670349110074,False
DRAM,10.0,10.0,160,9.9495869140625,155.48784552845527,1547.03983316569,0.4144158936695286,32.33469433069317,469.174511480696,250,9.9085244140625,230.74189989785492,2286.311748485061,False
DRAM,20.0,20.0,170,7.7680341796875,164.77448433420363,1279.9738262484764,1.781200795392457,29.51164530443316,460.2224089533833,250,7.63209130859375,237.92504376657823,1815.865658627689,False
DRAM,30.0,30.0,190,3.0712392578125,166.0185328947368,509.8826357507516,0.2518290278538782,27.917153704856645,465.33345264735806,250,3.0635244140625,230.8962871287128,707.3564127351966,False
DRAM,40.0,40.0,200,2.404531982421875,194.64071008403366,468.0198124783629,1.2684254679993456,13.856021288950249,459.4991228950719,250,2.374414306640625,228.814114893617,543.2995079647159,False
DRAM,50.0,50.0,220,2.0581201171875,176.93786764705882,364.15938489667104,0.8005816977220137,19.937558302725943,459.3656454434574,250,2.0417740478515625,222.76912376237624,454.84421556065263,False
DRAM,60.0,60.0,250,2.052075439453125,197.13381280788178,404.53345554880406,0.0,0.0,452.870070371128,250,2.052075439453125,197.13381280788178,404.53345554880406,True
DRAM,70.0,70.0,250,1.8757059326171874,203.58229032258063,381.8605097338591,0.0,0.0,448.79827662612917,250,1.8757059326171874,203.58229032258063,381.8605097338591,True
DRAM,80.0,80.0,250,1.847568603515625,208.76625683060112,385.709981593698,0.0,0.0,442.5569894509658,250,1.847568603515625,208.76625683060112,385.709981593698,True
